{"Random Forest": {"train_scores": [1.0, 1.0, 1.0, 1.0, 1.0, 1.0, 1.0, 1.0, 1.0, 1.0], "test_scores": [0.6392126972740315, 0.6207107843137255, 0.641813218975873, 0.6072694174757282, 0.6259708737864078, 0.6446723300970874, 0.6207107843137255, 0.6464616832419369, 0.6392126972740315, 0.6259708737864078]}, "Decision Tree": {"train_scores": [1.0, 1.0, 1.0, 1.0, 1.0, 1.0, 1.0, 1.0, 1.0, 1.0], "test_scores": [0.6310195852534561, 0.5958190696737816, 0.5849609375, 0.5947082290362954, 0.6015625000000001, 0.6248453559192997, 0.5929173011039207, 0.6072944937906078, 0.6631048387096775, 0.6494980454868514]}, "XGBoost": {"train_scores": [1.0, 1.0, 1.0, 1.0, 1.0, 1.0, 1.0, 1.0, 1.0, 1.0], "test_scores": [0.6352696743554952, 0.6229029152915291, 0.5996862279511534, 0.6229029152915291, 0.6296875, 0.62411013400335, 0.6174779511533243, 0.6066268844221104, 0.6283315131517799, 0.6283315131517799]}}