{"Random Forest": {"train_scores": [0.9396180076139008, 0.9378685201565502, 0.9355708425486091, 0.9374234689730919, 0.931548125448133, 0.9299533310071217, 0.9374184229402752, 0.9408063766976598, 0.9363236356542187, 0.9374744439606998], "test_scores": [0.6786404574887052, 0.6897745048287613, 0.6448503634688043, 0.6384393906911796, 0.6614831176834302, 0.6599434456215784, 0.6570500520376803, 0.6682238365248021, 0.6479962062368638, 0.6645383660314907]}, "Decision Tree": {"train_scores": [0.9888839532696666, 0.9890876780579392, 0.9882936674690898, 0.9875826655791532, 0.9898259409567233, 0.988548635649114, 0.9908532241010254, 0.9910004110644454, 0.9885307876725922, 0.990334703996664], "test_scores": [0.5588369231004569, 0.4302858503678314, 0.3717414324227172, 0.3453304214759476, 0.3129026928899903, 0.3518266546628098, 0.29960912366801506, 0.4699879393690669, 0.45663763938887825, 0.46088781732387185]}, "XGBoost": {"train_scores": [0.9879950769598403, 0.9875487519001028, 0.9872121343307202, 0.9859891083050593, 0.9889285415102369, 0.9874335492801296, 0.9895199180195016, 0.9900072418855456, 0.9878298064868001, 0.9894591078890581], "test_scores": [0.6269495453449188, 0.6659311765079894, 0.6620862701080579, 0.6408925963703412, 0.6745268285602883, 0.6266195822153602, 0.6346458058019889, 0.6522642753838863, 0.6117512635247445, 0.6583027260961838]}}