{"Random Forest": {"train_scores": [1.0, 1.0, 1.0, 1.0, 1.0, 1.0, 1.0, 1.0, 1.0, 1.0], "test_scores": [0.8883998380213687, 0.9120944453881433, 0.9005119289094947, 0.9005119289094947, 0.9005119289094947, 0.9232047342665303, 0.9005119289094947, 0.9005119289094947, 0.8883998380213687, 0.9005119289094947]}, "Decision Tree": {"train_scores": [1.0, 1.0, 1.0, 1.0, 1.0, 1.0, 1.0, 1.0, 1.0, 1.0], "test_scores": [0.8692737830668865, 0.9196794278712709, 0.888405172413793, 0.9276743090130514, 0.8625179187473415, 0.9018304118426645, 0.9358416954154262, 0.9276743090130514, 0.9276743090130514, 0.8848071013997951]}, "XGBoost": {"train_scores": [1.0, 1.0, 1.0, 1.0, 1.0, 1.0, 1.0, 1.0, 1.0, 1.0], "test_scores": [0.8925598776966197, 0.9541726395824474, 0.9256034482758622, 0.917510751248405, 0.8848071013997951, 0.9232047342665303, 0.9256034482758622, 0.9256034482758622, 0.9040059178331628, 0.9040059178331628]}}