{"Random Forest": {"train_scores": [0.9171393581803887, 0.9172418441990856, 0.9194086427142161, 0.9188658291642341, 0.9177951835795167, 0.9166029954651403, 0.9164104923637756, 0.9164090140854119, 0.9184470199802138, 0.9153300495492986], "test_scores": [0.4117218073985268, 0.4261664273223714, 0.4187883251281601, 0.4094913936438963, 0.41225652221148, 0.42233097774911765, 0.43174492357732075, 0.4182754596182281, 0.4226768458314183, 0.4169064310033638]}, "Decision Tree": {"train_scores": [0.993917034008697, 0.9940398541650909, 0.9936742509621698, 0.9946909056822572, 0.9932900683751513, 0.9944351822215259, 0.9943621944568549, 0.9943568674967775, 0.9936846217345008, 0.9944164772632327], "test_scores": [-0.041991741707436914, -0.13715688260417513, 0.05255331299007027, 0.02103504124643385, -0.03392080630922423, 0.009240818576767507, -0.027206542458449112, -0.009705425153005764, -0.03702477822106709, -0.11958097049684624]}, "XGBoost": {"train_scores": [0.9323868188433276, 0.9220428395913309, 0.9255031903593531, 0.929413028028166, 0.9200838523361485, 0.9228513133477714, 0.9165959113321294, 0.912621876250445, 0.9146487533458358, 0.9252087746062387], "test_scores": [0.40753477395395254, 0.38791158434892525, 0.3945825317020899, 0.3870565348863332, 0.4215355109855401, 0.3976200297606546, 0.42713961645609977, 0.381862088157395, 0.4021070772470966, 0.3968247412491588]}}