{"Random Forest": {"train_scores": [0.9599034168471848, 0.9598277609909138, 0.9597338555607349, 0.9604933593231209, 0.9600757663094037, 0.9597458973446601, 0.9606493981391311, 0.9601932298361671, 0.9593702529909519, 0.9598041055011083], "test_scores": [0.7593373463840212, 0.7563733288341243, 0.7532640938128136, 0.7442254739106049, 0.7539428199187084, 0.7583938894389526, 0.7442930550653312, 0.7528118741726753, 0.759018999046537, 0.7666816306629871]}, "Decision Tree": {"train_scores": [0.9956019026389652, 0.9955756768150077, 0.9953524253150059, 0.9958562586921826, 0.9952939262032765, 0.9956299234348276, 0.9952937076383244, 0.9956288215261058, 0.9953526933849424, 0.9954183607368278], "test_scores": [0.5106488896053683, 0.5498902182433716, 0.518846725519699, 0.48932094586570596, 0.5668405751493579, 0.5128052918271191, 0.5404329694407966, 0.533788373448389, 0.5007292833939196, 0.5513365242690699]}, "XGBoost": {"train_scores": [0.9220256790255128, 0.9248763211965403, 0.9255382988114003, 0.9233353658447397, 0.9225731922599938, 0.9233804722629874, 0.9331739159749037, 0.9278134710725117, 0.9282065553378265, 0.9244203785744893], "test_scores": [0.7540415985941716, 0.7453838698102708, 0.753106437502311, 0.7537720766320555, 0.7568749514886172, 0.7517095483420106, 0.7491373481992997, 0.7495672880400391, 0.7449009600152103, 0.7599104855312679]}}