Model,Train R2,Test R2,Train RMSE,Test RMSE,Train MAE,Test MAE,CV Mean,CV Std
Random Forest,0.938894562748792,0.6750669090530919,0.17336705133609323,0.40528725470425025,0.1306315170612175,0.31194231033430336,0.5653999002588119,0.06744185986313342
Decision Tree,0.9885921882549012,0.4416575129546977,0.07490793198315436,0.5312712492820262,0.022412848122489924,0.38774961528112456,0.24976814588880822,0.1192452953420177
XGBoost,0.9865073794573257,0.6941604764651507,0.0814656989510474,0.3931993396133802,0.0421443261768387,0.30701896815143265,0.541135394512454,0.054795958428822976
