Model,Train F1,Test F1,Train Precision,Test Precision,CV Mean,CV Std
Random Forest,1.0,0.9005119289094947,1.0,0.9218498227521753,0.9032474015662728,0.01960933945787842
Decision Tree,1.0,0.8553486180261027,1.0,0.8516899965858656,0.8704929658909627,0.014564396222513423
XGBoost,1.0,0.9120944453881433,1.0,0.9290013012361744,0.8931316643795466,0.018052048980868613
