Model,Train R2,Test R2,Train RMSE,Test RMSE,Train MAE,Test MAE,CV Mean,CV Std
Random Forest,0.917077963863155,0.42641666343173945,0.3346135875037225,0.894257163698372,0.24957904677036963,0.6691790796934866,0.41671515785272817,0.013148623747629836
Decision Tree,0.9935416206673177,-0.12545147549838953,0.09338354753125855,1.2526436821556417,0.022838335058066005,0.8928264367816092,-0.07510258307470616,0.05104458012519721
XGBoost,0.9114112289310545,0.4288996939238815,0.3458580845575861,0.8923194538931607,0.2517889262209951,0.6727982607286552,0.3516793097705141,0.0216343117108306
