Model,Train R2,Test R2,Train RMSE,Test RMSE,Train MAE,Test MAE,CV Mean,CV Std
Random Forest,0.9601985526218094,0.7604324832590369,0.4296085634172836,1.0767368113062257,0.29615454678292996,0.7274823700947589,0.734477553129771,0.020901215107168438
Decision Tree,0.9951806586012959,0.5426724757259104,0.1494917903433696,1.4876791124637008,0.04603085900207228,0.9696695481393132,0.5091643270898917,0.03421494700023294
XGBoost,0.9241845461399629,0.7533834441377687,0.5929285554136268,1.0924629306577052,0.4276367088905692,0.7483114496454234,0.7354630931380838,0.029982350269610276
